{"_timestamp":1.7563102482787554e+09,"lr":3.2983508245877057e-06,"iter":10,"estimated_remaining_hours":0,"val/loss":10.999375343322754,"_step":2,"_wandb":{"runtime":48},"mfu":-100,"train/loss":10.999375343322754,"progress_pct":100,"_runtime":48}