{"progress_pct":5.333333333333334,"iter":32000,"mfu":22.916525007271822,"_timestamp":1.756305674783943e+09,"_wandb":{"runtime":25628},"_runtime":25628,"_step":32,"estimated_remaining_hours":124.3419320608841,"lr":0.0005966536257954033,"val/loss":3.0833346843719482,"train/loss":3.0718183517456055}